Week,Player,Team,Against,Pos,Yds,TD,Int,Yds,TD,Rec,Yds,TD,TD,FumTD,TwoPT,Lost,Points
1,Patrick Mahomes,KC,ARI,QB,360,5,-,5,-,-,-,-,-,-,-,-,34.9
1,Josh Allen,BUF,LA,QB,297,3,2,56,1,-,-,-,-,-,-,-,31.48
1,Carson Wentz,WAS,JAX,QB,313,4,2,12,-,-,-,-,-,-,1,-,27.72
1,Jalen Hurts,PHI,DET,QB,243,-,-,90,1,-,-,-,-,-,-,-,24.72
1,Justin Herbert,LAC,LV,QB,279,3,-,1,-,-,-,-,-,-,-,-,23.26
1,Jameis Winston,NO,ATL,QB,269,2,-,9,-,-,-,-,-,-,1,-,21.66
1,Kyler Murray,ARI,KC,QB,193,2,-,29,-,-,-,-,-,-,1,-,20.62
1,Lamar Jackson,BAL,NYJ,QB,213,3,1,17,-,-,-,-,-,-,-,-,20.22
1,Marcus Mariota,ATL,NO,QB,215,-,-,72,1,-,-,-,-,-,-,1,19.8
1,Ryan Tannehill,TEN,NYG,QB,266,2,-,7,-,-,-,-,-,-,-,-,19.34
1,Kirk Cousins,MIN,GB,QB,277,2,-,-,-,-,-,-,-,-,-,-,19.08
1,Joe Burrow,CIN,PIT,QB,338,2,4,47,-,-,-,-,-,-,1,1,18.22
1,Baker Mayfield,CAR,CLE,QB,235,1,1,6,1,-,-,-,-,-,-,-,18
1,Russell Wilson,DEN,SEA,QB,340,1,-,2,-,-,-,-,-,-,-,-,17.8
1,Geno Smith,SEA,DEN,QB,195,2,-,14,-,-,-,-,-,-,-,-,17.2
1,Daniel Jones,NYG,TEN,QB,188,2,1,25,-,-,-,-,-,-,1,1,16.02
1,Jared Goff,DET,PHI,QB,215,2,1,9,-,-,-,-,-,-,-,-,15.5
1,Davis Mills,HOU,IND,QB,240,2,-,-1,-,-,-,-,-,-,-,1,15.5
1,Matt Ryan,IND,HOU,QB,352,1,1,12,-,-,-,-,-,-,-,1,15.28
1,Tua Tagovailoa,MIA,NE,QB,270,1,-,-,-,-,-,-,-,-,-,-,14.8
1,Joe Flacco,NYJ,BAL,QB,309,1,1,-,-,-,-,-,-,-,-,-,14.36
1,Derek Carr,LV,LAC,QB,295,2,3,-,-,-,-,-,-,-,-,-,13.8
1,Justin Fields,CHI,SF,QB,121,2,1,28,-,-,-,-,-,-,-,-,13.64
1,Trevor Lawrence,JAX,WAS,QB,275,1,1,4,-,-,-,-,-,-,-,-,13.4
1,Mitchell Trubisky,PIT,CIN,QB,194,1,-,9,-,-,-,-,-,-,-,-,12.66
1,Jacoby Brissett,CLE,CAR,QB,147,1,-,10,-,-,-,-,-,-,-,-,10.88
1,Tom Brady,TB,DAL,QB,212,1,1,-1,-,-,-,-,-,-,-,-,10.38
1,Trey Lance,SF,CHI,QB,164,-,1,54,-,-,-,-,-,-,-,-,9.96
1,Mac Jones,NE,MIA,QB,213,1,1,-,-,-,-,-,-,-,-,1,8.52
1,Matthew Stafford,LA,BUF,QB,240,1,3,2,-,-,-,-,-,-,-,-,7.8
1,Dak Prescott,DAL,TB,QB,134,-,1,11,-,-,-,-,-,-,-,-,4.46
1,Aaron Rodgers,GB,MIN,QB,195,-,1,-1,-,-,-,-,-,-,-,1,3.7
1,Armani Rogers,WAS,JAX,QB,-,-,-,-,-,1,23,-,-,-,-,-,3.3
1,Jordan Love,GB,MIN,QB,65,-,-,-,-,-,-,-,-,-,-,-,2.6
1,Cooper Rush,DAL,TB,QB,64,-,-,-,-,-,-,-,-,-,-,-,2.56
1,Trace McSorley,ARI,KC,QB,12,-,-,20,-,-,-,-,-,-,-,-,2.48
1,Taylor Heinicke,WAS,JAX,QB,-,-,-,-,-,1,5,-,-,-,-,-,1.5
1,Brandon Allen,CIN,PIT,QB,-,-,-,-,-,1,-,-,-,-,-,-,1
1,Jeff Driskel,HOU,IND,QB,-,-,-,5,-,-,-,-,-,-,-,-,0.5
1,Saquon Barkley,NYG,TEN,RB,-,-,-,164,1,6,30,-,-,-,1,-,33.4
1,Jonathan Taylor,IND,HOU,RB,-,-,-,161,1,4,14,-,-,-,-,-,27.5
1,D'Andre Swift,DET,PHI,RB,-,-,-,144,1,3,31,-,-,-,-,-,26.5
1,Kareem Hunt,CLE,CAR,RB,-,-,-,46,1,4,24,1,-,-,-,-,23
1,Cordarrelle Patterson,ATL,NO,RB,-,-,-,120,1,3,16,-,-,-,-,-,22.6
1,Clyde Edwards-Helaire,KC,ARI,RB,-,-,-,42,-,3,32,2,-,-,-,-,22.4
1,Dontrell Hilliard,TEN,NYG,RB,-,-,-,8,-,3,61,2,-,-,-,-,21.9
1,Joe Mixon,CIN,PIT,RB,-,-,-,82,-,7,63,-,-,-,-,-,21.5
1,AJ Dillon,GB,MIN,RB,-,-,-,45,1,5,46,-,-,-,-,-,20.1
1,Antonio Gibson,WAS,JAX,RB,-,-,-,58,-,7,72,-,-,-,-,-,20
1,James Robinson,JAX,WAS,RB,-,-,-,66,1,1,3,1,-,-,-,-,19.9
1,Javonte Williams,DEN,SEA,RB,-,-,-,43,-,11,65,-,-,-,-,1,19.8
1,Miles Sanders,PHI,DET,RB,-,-,-,96,1,2,9,-,-,-,-,-,18.5
1,Michael Carter,NYJ,BAL,RB,-,-,-,60,-,7,40,-,-,-,-,-,17
1,James Conner,ARI,KC,RB,-,-,-,26,1,5,29,-,-,-,-,-,16.5
1,Jamaal Williams,DET,PHI,RB,-,-,-,28,2,1,2,-,-,-,-,-,16
1,Leonard Fournette,TB,DAL,RB,-,-,-,127,-,2,10,-,-,-,-,-,15.7
1,Christian McCaffrey,CAR,CLE,RB,-,-,-,33,1,4,24,-,-,-,-,-,15.7
1,Nick Chubb,CLE,CAR,RB,-,-,-,141,-,1,2,-,-,-,-,-,15.3
1,Dalvin Cook,MIN,GB,RB,-,-,-,90,-,3,18,-,-,-,-,-,13.8
1,Darrell Henderson,LA,BUF,RB,-,-,-,47,-,5,26,-,-,-,-,-,12.3
1,Isiah Pacheco,KC,ARI,RB,-,-,-,62,1,-,-,-,-,-,-,-,12.2
1,Rex Burkhead,HOU,IND,RB,-,-,-,40,-,5,30,-,-,-,-,-,12
1,Nyheim Hines,IND,HOU,RB,-,-,-,4,-,6,50,-,-,-,-,-,11.4
1,Khalil Herbert,CHI,SF,RB,-,-,-,45,1,1,-2,-,-,-,-,-,11.3
1,Austin Ekeler,LAC,LV,RB,-,-,-,36,-,4,36,-,-,-,-,-,11.2
1,Kenneth Gainwell,PHI,DET,RB,-,-,-,20,1,2,12,-,-,-,-,-,11.2
1,Brandon Bolden,LV,LAC,RB,-,-,-,7,-,2,21,1,-,-,-,-,10.8
1,Najee Harris,PIT,CIN,RB,-,-,-,23,-,2,3,1,-,-,-,-,10.6
1,Aaron Jones,GB,MIN,RB,-,-,-,49,-,3,27,-,-,-,-,-,10.6
1,Chase Edmonds,MIA,NE,RB,-,-,-,25,-,4,40,-,-,-,-,-,10.5
1,Breece Hall,NYJ,BAL,RB,-,-,-,23,-,6,38,-,-,-,-,1,10.1
1,Eno Benjamin,ARI,KC,RB,-,-,-,28,-,3,33,-,-,-,-,-,9.1
1,Zander Horvath,LAC,LV,RB,-,-,-,2,-,2,6,1,-,-,-,-,8.8
1,Rashaad Penny,SEA,DEN,RB,-,-,-,60,-,2,7,-,-,-,-,-,8.7
1,Travis Etienne,JAX,WAS,RB,-,-,-,47,-,2,18,-,-,-,-,-,8.5
1,Josh Jacobs,LV,LAC,RB,-,-,-,57,-,1,16,-,-,-,-,-,8.3
1,Derrick Henry,TEN,NYG,RB,-,-,-,82,-,-,-,-,-,-,-,-,8.2
1,Devin Singletary,BUF,LA,RB,-,-,-,48,-,2,14,-,-,-,-,-,8.2
1,David Montgomery,CHI,SF,RB,-,-,-,26,-,3,24,-,-,-,-,-,8
1,Jerick McKinnon,KC,ARI,RB,-,-,-,22,-,3,27,-,-,-,-,-,7.9
1,Damien Harris,NE,MIA,RB,-,-,-,48,-,2,10,-,-,-,-,-,7.8
1,J.D. McKissic,WAS,JAX,RB,-,-,-,8,-,3,20,-,-,-,1,-,7.8
1,Alvin Kamara,NO,ATL,RB,-,-,-,39,-,3,7,-,-,-,-,-,7.6
1,Zack Moss,BUF,LA,RB,-,-,-,15,-,6,21,-,-,-,-,1,7.6
1,Melvin Gordon,DEN,SEA,RB,-,-,-,58,-,2,14,-,-,-,-,1,7.2
1,Boston Scott,PHI,DET,RB,-,-,-,10,1,-,-,-,-,-,-,-,7
1,Samaje Perine,CIN,PIT,RB,-,-,-,4,-,3,33,-,-,-,-,-,6.7
1,Ezekiel Elliott,DAL,TB,RB,-,-,-,52,-,1,-3,-,-,-,-,-,5.9
1,Kenyan Drake,BAL,NYJ,RB,-,-,-,31,-,1,15,-,-,-,-,-,5.6
1,Joshua Kelley,LAC,LV,RB,-,-,-,21,-,2,14,-,-,-,-,-,5.5
1,Jeff Wilson,SF,CHI,RB,-,-,-,22,-,2,8,-,-,-,-,-,5
1,Dameon Pierce,HOU,IND,RB,-,-,-,33,-,1,6,-,-,-,-,-,4.9
1,Rhamondre Stevenson,NE,MIA,RB,-,-,-,25,-,2,2,-,-,-,-,-,4.7
1,Raheem Mostert,MIA,NE,RB,-,-,-,16,-,1,16,-,-,-,-,-,4.2
1,Tony Pollard,DAL,TB,RB,-,-,-,8,-,2,14,-,-,-,-,-,4.2
1,Elijah Mitchell,SF,CHI,RB,-,-,-,41,-,-,-,-,-,-,-,-,4.1
1,Rachaad White,TB,DAL,RB,-,-,-,14,-,2,7,-,-,-,-,-,4.1
1,Alexander Mattison,MIN,GB,RB,-,-,-,36,-,-,-,-,-,-,-,-,3.6
1,Justice Hill,BAL,NYJ,RB,-,-,-,4,-,2,7,-,-,-,-,-,3.1
1,Matt Breida,NYG,TEN,RB,-,-,-,24,-,-,-,-,-,-,-,-,2.4
1,Alec Ingold,MIA,NE,RB,-,-,-,2,-,1,8,-,-,-,-,-,2
1,Patrick Ricard,BAL,NYJ,RB,-,-,-,-,-,1,7,-,-,-,-,-,1.7
1,C.J. Ham,MIN,GB,RB,-,-,-,-,-,1,6,-,-,-,-,-,1.6
1,Mark Ingram,NO,ATL,RB,-,-,-,22,-,1,1,-,-,-,-,1,1.3
1,Mike Boone,DEN,SEA,RB,-,-,-,-,-,1,2,-,-,-,-,-,1.2
1,Sony Michel,LAC,LV,RB,-,-,-,12,-,-,-,-,-,-,-,-,1.2
1,Mike Davis,BAL,NYJ,RB,-,-,-,11,-,-,-,-,-,-,-,-,1.1
1,Jakob Johnson,LV,LAC,RB,-,-,-,-,-,1,1,-,-,-,-,-,1.1
1,Jaylen Warren,PIT,CIN,RB,-,-,-,7,-,-,-,-,-,-,-,-,0.7
1,D'Onta Foreman,CAR,CLE,RB,-,-,-,5,-,-,-,-,-,-,-,-,0.5
1,Chuba Hubbard,CAR,CLE,RB,-,-,-,3,-,-,-,-,-,-,-,-,0.3
1,Travis Homer,SEA,DEN,RB,-,-,-,2,-,-,-,-,-,-,-,-,0.2
1,Damien Williams,ATL,NO,RB,-,-,-,2,-,-,-,-,-,-,-,-,0.2
1,Justin Jefferson,MIN,GB,WR,-,-,-,-,-,9,184,2,-,-,-,-,39.4
1,Cooper Kupp,LA,BUF,WR,-,-,-,-,-,13,128,1,-,-,-,-,31.8
1,Davante Adams,LV,LAC,WR,-,-,-,-,-,10,141,1,-,-,-,-,30.1
1,Ja'Marr Chase,CIN,PIT,WR,-,-,-,-,-,10,129,1,-,-,-,-,28.9
1,Michael Pittman,IND,HOU,WR,-,-,-,-,-,9,121,1,-,-,-,-,27.1
1,Stefon Diggs,BUF,LA,WR,-,-,-,-,-,8,122,1,-,-,-,-,26.2
1,A.J. Brown,PHI,DET,WR,-,-,-,-,-,10,155,-,-,-,-,-,25.5
1,Michael Thomas,NO,ATL,WR,-,-,-,-,-,5,57,2,-,-,-,-,22.7
1,Devin Duvernay,BAL,NYJ,WR,-,-,-,-,-,4,54,2,-,-,-,-,21.4
1,Robbie Anderson,CAR,CLE,WR,-,-,-,-,-,5,102,1,-,-,-,-,21.2
1,Amon-Ra St. Brown,DET,PHI,WR,-,-,-,-,-,8,64,1,-,-,-,-,20.4
1,Jerry Jeudy,DEN,SEA,WR,-,-,-,-,-,4,102,1,-,-,-,-,20.2
1,Curtis Samuel,WAS,JAX,WR,-,-,-,17,-,8,55,1,-,-,-,1,19.2
1,Gabe Davis,BUF,LA,WR,-,-,-,-,-,4,88,1,-,-,-,-,18.8
1,Jarvis Landry,NO,ATL,WR,-,-,-,-,-,7,114,-,-,-,-,-,18.4
1,Mike Evans,TB,DAL,WR,-,-,-,-,-,5,71,1,-,-,-,-,18.1
1,Jahan Dotson,WAS,JAX,WR,-,-,-,-10,-,3,40,2,-,-,-,-,18
1,Tyreek Hill,MIA,NE,WR,-,-,-,6,-,8,94,-,-,-,-,-,18
1,Christian Kirk,JAX,WAS,WR,-,-,-,-,-,6,117,-,-,-,-,-,17.7
1,Jaylen Waddle,MIA,NE,WR,-,-,-,8,-,4,69,1,-,-,-,-,17.7
1,DeAndre Carter,LAC,LV,WR,-,-,-,-,-,3,64,1,-,-,-,-,15.4
1,D.J. Chark,DET,PHI,WR,-,-,-,-,-,4,52,1,-,-,-,-,15.2
1,Brandin Cooks,HOU,IND,WR,-,-,-,-,-,7,82,-,-,-,-,-,15.2
1,Sterling Shepard,NYG,TEN,WR,-,-,-,-,-,2,71,1,-,-,-,-,15.1
1,Marquise Brown,ARI,KC,WR,-,-,-,-,-,4,43,1,-,-,-,-,14.3
1,Rashod Bateman,BAL,NYJ,WR,-,-,-,-,-,2,59,1,-,-,-,-,13.9
1,Terry McLaurin,WAS,JAX,WR,-,-,-,-,-,2,58,1,-,-,-,-,13.8
1,Corey Davis,NYJ,BAL,WR,-,-,-,-,-,6,77,-,-,-,-,-,13.7
1,Tyler Boyd,CIN,PIT,WR,-,-,-,-,-,4,33,1,-,-,-,-,13.3
1,Greg Dortch,ARI,KC,WR,-,-,-,-,-,7,63,-,-,-,-,-,13.3
1,Deebo Samuel,SF,CHI,WR,-,-,-,52,1,2,14,-,-,-,-,1,12.6
1,Diontae Johnson,PIT,CIN,WR,-,-,-,-,-,7,55,-,-,-,-,-,12.5
1,Zay Jones,JAX,WAS,WR,-,-,-,-,-,6,65,-,-,-,-,-,12.5
1,Drake London,ATL,NO,WR,-,-,-,-,-,5,74,-,-,-,-,-,12.4
1,Dante Pettis,CHI,SF,WR,-,-,-,-,-,1,51,1,-,-,-,-,12.1
1,Donovan Peoples-Jones,CLE,CAR,WR,-,-,-,-,-,6,60,-,-,-,-,-,12
1,JuJu Smith-Schuster,KC,ARI,WR,-,-,-,-,-,6,79,-,-,-,-,1,11.9
1,Noah Brown,DAL,TB,WR,-,-,-,-,-,5,68,-,-,-,-,-,11.8
1,Julio Jones,TB,DAL,WR,-,-,-,17,-,3,69,-,-,-,-,-,11.6
1,Courtland Sutton,DEN,SEA,WR,-,-,-,-,-,4,72,-,-,-,-,-,11.2
1,Richie James,NYG,TEN,WR,-,-,-,2,-,5,59,-,-,-,-,-,11.1
1,Keenan Allen,LAC,LV,WR,-,-,-,-,-,4,66,-,-,-,-,-,10.6
1,Mecole Hardman,KC,ARI,WR,-,-,-,-,-,3,16,1,-,-,-,-,10.6
1,Kyle Philips,TEN,NYG,WR,-,-,-,-,-,6,66,-,-,-,-,1,10.6
1,Ty Montgomery,NE,MIA,WR,-,-,-,-2,-,3,15,1,-,-,-,-,10.3
1,Jauan Jennings,SF,CHI,WR,-,-,-,-,-,4,62,-,-,-,-,-,10.2
1,Jakobi Meyers,NE,MIA,WR,-,-,-,7,-,4,55,-,-,-,-,-,10.2
1,Isaiah McKenzie,BUF,LA,WR,-,-,-,-,-,2,19,1,-,-,-,-,9.9
1,Elijah Moore,NYJ,BAL,WR,-,-,-,-,-,5,49,-,-,-,-,-,9.9
1,Chase Claypool,PIT,CIN,WR,-,-,-,36,-,4,18,-,-,-,-,-,9.4
1,Garrett Wilson,NYJ,BAL,WR,-,-,-,-,-,4,52,-,-,-,-,-,9.2
1,Chris Olave,NO,ATL,WR,-,-,-,-,-,3,41,-,-,-,1,-,9.1
1,Romeo Doubs,GB,MIN,WR,-,-,-,11,-,4,37,-,-,-,-,-,8.8
1,Equanimeous St. Brown,CHI,SF,WR,-,-,-,-,-,1,18,1,-,-,-,-,8.8
1,Braxton Berrios,NYJ,BAL,WR,-,-,-,-,-,5,37,-,-,-,-,-,8.7
1,DK Metcalf,SEA,DEN,WR,-,-,-,-,-,7,36,-,-,-,-,1,8.6
1,Treylon Burks,TEN,NYG,WR,-,-,-,-,-,3,55,-,-,-,-,-,8.5
1,Marquez Valdes-Scantling,KC,ARI,WR,-,-,-,-3,-,4,44,-,-,-,-,-,8.1
1,D.J. Moore,CAR,CLE,WR,-,-,-,7,-,3,43,-,-,-,-,-,8
1,Marvin Jones,JAX,WAS,WR,-,-,-,-,-,4,38,-,-,-,-,-,7.8
1,Ashton Dulin,IND,HOU,WR,-,-,-,-,-,3,46,-,-,-,-,-,7.6
1,Olamide Zaccheaus,ATL,NO,WR,-,-,-,-,-,4,49,-,-,-,-,1,6.9
1,KhaDarel Hodge,ATL,NO,WR,-,-,-,-,-,3,38,-,-,-,-,-,6.8
1,Brandon Aiyuk,SF,CHI,WR,-,-,-,7,-,2,40,-,-,-,-,-,6.7
1,Parris Campbell,IND,HOU,WR,-,-,-,-,-,3,37,-,-,-,-,-,6.7
1,Adam Thielen,MIN,GB,WR,-,-,-,-,-,3,36,-,-,-,-,-,6.6
1,Chris Godwin,TB,DAL,WR,-,-,-,-,-,3,35,-,-,-,-,-,6.5
1,Ben Skowronek,LA,BUF,WR,-,-,-,-,-,4,25,-,-,-,-,-,6.5
1,Chris Moore,HOU,IND,WR,-,-,-,-,-,3,31,-,-,-,-,-,6.1
1,Christian Watson,GB,MIN,WR,-,-,-,7,-,2,34,-,-,-,-,-,6.1
1,Jamison Crowder,BUF,LA,WR,-,-,-,-,-,3,28,-,-,-,-,-,5.8
1,Tyler Lockett,SEA,DEN,WR,-,-,-,-,-,3,28,-,-,-,-,-,5.8
1,Mike Strachan,IND,HOU,WR,-,-,-,-,-,2,36,-,-,-,-,-,5.6
1,Kendrick Bourne,NE,MIA,WR,-,-,-,-,-,1,41,-,-,-,-,-,5.1
1,Hunter Renfrow,LV,LAC,WR,-,-,-,-,-,3,21,-,-,-,-,-,5.1
1,CeeDee Lamb,DAL,TB,WR,-,-,-,-,-,2,29,-,-,-,-,-,4.9
1,Anthony Schwartz,CLE,CAR,WR,-,-,-,20,-,1,19,-,-,-,-,-,4.9
1,Sammy Watkins,GB,MIN,WR,-,-,-,-,-,3,18,-,-,-,-,-,4.8
1,Ced Wilson,MIA,NE,WR,-,-,-,8,-,2,20,-,-,-,-,-,4.8
1,Amari Cooper,CLE,CAR,WR,-,-,-,-,-,3,17,-,-,-,-,-,4.7
1,Tee Higgins,CIN,PIT,WR,-,-,-,-,-,2,27,-,-,-,-,-,4.7
1,Nico Collins,HOU,IND,WR,-,-,-,-,-,2,26,-,-,-,-,-,4.6
1,K.J. Osborn,MIN,GB,WR,-,-,-,-,-,3,14,-,-,-,-,-,4.4
1,Kenny Golladay,NYG,TEN,WR,-,-,-,-,-,2,22,-,-,-,-,-,4.2
1,Marquise Goodwin,SEA,DEN,WR,-,-,-,-,-,2,22,-,-,-,-,-,4.2
1,Skyy Moore,KC,ARI,WR,-,-,-,-,-,1,30,-,-,-,-,-,4
1,Josh Palmer,LAC,LV,WR,-,-,-,4,-,3,5,-,-,-,-,-,3.9
1,Demarcus Robinson,BAL,NYJ,WR,-,-,-,-,-,2,19,-,-,-,-,-,3.9
1,Nelson Agholor,NE,MIA,WR,-,-,-,-,-,3,28,-,-,-,-,1,3.8
1,Josh Reynolds,DET,PHI,WR,-,-,-,-,-,1,28,-,-,-,-,-,3.8
1,Dennis Houston,DAL,TB,WR,-,-,-,-,-,2,16,-,-,-,-,-,3.6
1,Mike Thomas,CIN,PIT,WR,-,-,-,-,-,1,5,-,-,-,1,-,3.5
1,Randall Cobb,GB,MIN,WR,-,-,-,-,-,2,14,-,-,-,-,-,3.4
1,Russell Gage,TB,DAL,WR,-,-,-,-,-,2,13,-,-,-,-,-,3.3
1,A.J. Green,ARI,KC,WR,-,-,-,-,-,2,13,-,-,-,-,-,3.3
1,Simi Fehoko,DAL,TB,WR,-,-,-,-,-,2,12,-,-,-,-,-,3.2
1,Cody Hollister,TEN,NYG,WR,-,-,-,-,-,1,22,-,-,-,-,-,3.2
1,Byron Pringle,CHI,SF,WR,-,-,-,-,-,1,22,-,-,-,-,-,3.2
1,Ray-Ray McCloud,SF,CHI,WR,-,-,-,-,-,1,20,-,-,-,-,-,3
1,Mike Williams,LAC,LV,WR,-,-,-,-,-,2,10,-,-,-,-,-,3
1,Juwann Winfree,GB,MIN,WR,-,-,-,-,-,1,17,-,-,-,-,-,2.7
1,Mack Hollins,LV,LAC,WR,-,-,-,-,-,1,16,-,-,-,-,-,2.6
1,Brandon Powell,LA,BUF,WR,-,-,-,3,-,1,10,-,-,-,-,-,2.3
1,Kadarius Toney,NYG,TEN,WR,-,-,-,23,-,-,-,-,-,-,-,-,2.3
1,Nick Westbrook-Ikhine,TEN,NYG,WR,-,-,-,-,-,1,13,-,-,-,-,-,2.3
1,Robert Woods,TEN,NYG,WR,-,-,-,-,-,1,13,-,-,-,-,-,2.3
1,Jamal Agnew,JAX,WAS,WR,-,-,-,6,-,1,6,-,-,-,-,-,2.2
1,Allen Robinson,LA,BUF,WR,-,-,-,-,-,1,12,-,-,-,-,-,2.2
1,Shi Smith,CAR,CLE,WR,-,-,-,-,-,1,12,-,-,-,-,-,2.2
1,Andy Isabella,,,WR,-,-,-,-,-,1,10,-,-,-,-,-,2
1,DeVante Parker,NE,MIA,WR,-,-,-,-,-,1,9,-,-,-,-,-,1.9
1,Darnell Mooney,CHI,SF,WR,-,-,-,-,-,1,8,-,-,-,-,-,1.8
1,Trent Sherfield,MIA,NE,WR,-,-,-,-,-,1,8,-,-,-,-,-,1.8
1,Zach Pascal,PHI,DET,WR,-,-,-,-,-,1,7,-,-,-,-,-,1.7
1,Wan'Dale Robinson,NYG,TEN,WR,-,-,-,-,-,1,5,-,-,-,-,-,1.5
1,Deonte Harty,NO,ATL,WR,-,-,-,-,-,1,4,-,-,-,-,-,1.4
1,George Pickens,PIT,CIN,WR,-,-,-,-,-,1,3,-,-,-,-,-,1.3
1,D'Wayne Eskridge,SEA,DEN,WR,-,-,-,-,-,1,-,-,-,-,-,-,1
1,Dezmon Patmon,IND,HOU,WR,12,-,-,-,-,-,-,-,-,-,-,-,0.48
1,Jaelon Darden,TB,DAL,WR,-,-,-,2,-,-,-,-,-,-,-,-,0.2
1,Travis Kelce,KC,ARI,TE,-,-,-,-,-,8,121,1,-,-,-,-,26.1
1,O.J. Howard,HOU,IND,TE,-,-,-,-,-,2,38,2,-,-,-,-,17.8
1,Taysom Hill,NO,ATL,TE,-,-,-,81,1,1,2,-,-,-,-,-,15.3
1,Gerald Everett,LAC,LV,TE,-,-,-,-,-,3,54,1,-,-,-,-,14.4
1,Will Dissly,SEA,DEN,TE,-,-,-,-,-,3,43,1,-,-,-,-,13.3
1,Dalton Schultz,DAL,TB,TE,-,-,-,-,-,7,62,-,-,-,-,-,13.2
1,Pat Freiermuth,PIT,CIN,TE,-,-,-,-,-,5,75,-,-,-,-,-,12.5
1,Colby Parkinson,SEA,DEN,TE,-,-,-,-,-,2,43,1,-,-,-,-,12.3
1,Darren Waller,LV,LAC,TE,-,-,-,-,-,4,79,-,-,-,-,-,11.9
1,Tyler Conklin,NYJ,BAL,TE,-,-,-,-,-,4,16,1,-,-,-,-,11.6
1,Zach Ertz,ARI,KC,TE,-,-,-,-,-,2,14,1,-,-,1,-,11.4
1,Mark Andrews,BAL,NYJ,TE,-,-,-,-,-,5,52,-,-,-,-,-,10.2
1,Hayden Hurst,CIN,PIT,TE,-,-,-,-,-,5,46,-,-,-,-,-,9.6
1,Dallas Goedert,PHI,DET,TE,-,-,-,-,-,3,60,-,-,-,-,-,9
1,Tyler Higbee,LA,BUF,TE,-,-,-,-,-,5,39,-,-,-,-,-,8.9
1,Albert Okwuegbunam,DEN,SEA,TE,-,-,-,-,-,5,33,-,-,-,-,-,8.3
1,T.J. Hockenson,DET,PHI,TE,-,-,-,-,-,4,38,-,-,-,-,-,7.8
1,Logan Thomas,WAS,JAX,TE,-,-,-,-,-,3,45,-,-,-,-,-,7.5
1,Ian Thomas,CAR,CLE,TE,-,-,-,-,-,2,53,-,-,-,-,-,7.3
1,Andrew Beck,DEN,SEA,TE,-,-,-,-,-,2,52,-,-,-,-,-,7.2
1,Jody Fortson,KC,ARI,TE,-,-,-,-,-,1,1,1,-,-,-,-,7.1
1,Chris Myarick,NYG,TEN,TE,-,-,-,-,-,1,1,1,-,-,-,-,7.1
1,Evan Engram,JAX,WAS,TE,-,-,-,-,-,4,28,-,-,-,-,-,6.8
1,Robert Tonyan,GB,MIN,TE,-,-,-,-,-,3,36,-,-,-,-,-,6.6
1,Juwan Johnson,NO,ATL,TE,-,-,-,-,-,2,43,-,-,-,-,-,6.3
1,Jonnu Smith,NE,MIA,TE,-,-,-,-,-,3,33,-,-,-,-,-,6.3
1,Zach Gentry,PIT,CIN,TE,-,-,-,-,-,2,40,-,-,-,-,-,6
1,Tre' McKitty,LAC,LV,TE,-,-,-,-,-,3,24,-,-,-,-,-,5.4
1,Kylen Granson,IND,HOU,TE,-,-,-,-,-,3,22,-,-,-,-,-,5.2
1,Geoff Swaim,TEN,NYG,TE,-,-,-,-,-,3,19,-,-,-,-,-,4.9
1,Josiah Deguara,GB,MIN,TE,-,-,-,-,-,2,28,-,-,-,-,-,4.8
1,Johnny Mundt,MIN,GB,TE,-,-,-,-,-,3,17,-,-,-,-,-,4.7
1,Mo Alie-Cox,IND,HOU,TE,-,-,-,-,-,2,26,-,-,-,-,-,4.6
1,Noah Fant,SEA,DEN,TE,-,-,-,-,-,3,16,-,-,-,-,-,4.6
1,Hunter Henry,NE,MIA,TE,-,-,-,-,-,2,20,-,-,-,-,-,4
1,Kyle Pitts,ATL,NO,TE,-,-,-,-,-,2,19,-,-,-,-,-,3.9
1,Harrison Bryant,CLE,CAR,TE,-,-,-,-,-,2,18,-,-,-,-,-,3.8
1,Pharaoh Brown,CLE,CAR,TE,-,-,-,-,-,1,17,-,-,-,-,-,2.7
1,Durham Smythe,MIA,NE,TE,-,-,-,-,-,1,14,-,-,-,-,-,2.4
1,Ross Dwelley,SF,CHI,TE,-,-,-,-,-,1,11,-,-,-,-,-,2.1
1,Noah Gray,KC,ARI,TE,-,-,-,-,-,1,10,-,-,-,-,-,2
1,Tyler Kroft,SF,CHI,TE,-,-,-,-,-,1,9,-,-,-,-,-,1.9
1,Cameron Brate,TB,DAL,TE,-,-,-,-,-,1,7,-,-,-,-,-,1.7
1,David Njoku,CLE,CAR,TE,-,-,-,-,-,1,7,-,-,-,-,-,1.7
1,Chigoziem Okonkwo,TEN,NYG,TE,-,-,-,-4,-,1,11,-,-,-,-,-,1.7
1,Anthony Firkser,ATL,NO,TE,-,-,-,-,-,1,6,-,-,-,-,-,1.6
1,Austin Hooper,TEN,NYG,TE,-,-,-,-,-,1,6,-,-,-,-,-,1.6
1,Parker Hesse,ATL,NO,TE,-,-,-,-,8,1,5,-,-,-,-,-,1.5
1,Brevin Jordan,HOU,IND,TE,-,-,-,-,-,1,5,-,-,-,-,-,1.5
1,Dawson Knox,BUF,LA,TE,-,-,-,-,-,1,5,-,-,-,-,-,1.5
1,Tyler Davis,GB,MIN,TE,-,-,-,-,-,1,3,-,-,-,-,-,1.3
1,Ben Ellefson,MIN,GB,TE,-,-,-,-,-,1,2,-,-,-,-,-,1.2
1,Drew Sample,CIN,PIT,TE,-,-,-,-,-,1,2,-,-,-,-,-,1.2
1,Mike Gesicki,MIA,NE,TE,-,-,-,-,-,1,1,-,-,-,-,-,1.1
1,Tommy Tremble,CAR,CLE,TE,-,-,-,-,-,1,1,-,-,-,-,-,1.1
